{"branches": 80.48780487804879, "coverage": 86.50042992261393}