{"branches": 71.96969696969697, "coverage": 79.47427293064877}