{"branches": 51.17647058823529, "coverage": 72.5130890052356}