{"branches": 51.45631067961165, "coverage": 74.94493392070484}