{"branches": 59.411764705882355, "coverage": 83.83507853403141}