{"branches": 89.65517241379311, "coverage": 85.37313432835822}