{"branches": 87.87878787878788, "coverage": 85.55657773689053}