{"branches": 51.442307692307686, "coverage": 75.57039510294936}