{"branches": 42.94871794871795, "coverage": 42.954911433172306}