{"branches": 51.45631067961165, "coverage": 75.6423982869379}