{"branches": 58.77192982456141, "coverage": 61.47588611272516}