{"branches": 90.74074074074075, "coverage": 82.51821019771072}