{"branches": 90.74074074074075, "coverage": 80.04136504653567}