{"branches": 56.666666666666664, "coverage": 59.943977591036415}