{"branches": 56.779661016949156, "coverage": 56.42398286937902}