{"branches": 56.666666666666664, "coverage": 59.610027855153206}