{"branches": 58.92857142857143, "coverage": 61.181923522595596}
