{"branches": 90.74074074074075, "coverage": 77.62312633832977}