{"branches": 89.58333333333334, "coverage": 79.17133258678611}