{"branches": 46.52777777777778, "coverage": 46.027633851468046}