{"branches": 91.37931034482759, "coverage": 83.25024925224326}