{"branches": 90.74074074074075, "coverage": 79.71163748712668}