{"branches": 80.48780487804879, "coverage": 83.13155770782889}