{"branches": 43.506493506493506, "coverage": 43.288996372430475}