{"branches": 51.45631067961165, "coverage": 77.62312633832977}