{"branches": 58.92857142857143, "coverage": 61.316397228637406}