{"branches": 90.74074074074075, "coverage": 82.08032955715757}