{"branches": 58.92857142857143, "coverage": 61.1368909512761}