{"branches": 80.48780487804879, "coverage": 84.96621621621621}