{"branches": 56.779661016949156, "coverage": 58.94854586129754}